Series Name,Series Code,Country Name,Country Code,2019 [YR2019],2020 [YR2020],2021 [YR2021],2022 [YR2022]
GDP growth (annual %),NY.GDP.MKTP.KD.ZG,Argentina,ARG,-2.00086100285785,-9.9004848136464,10.4418119882506,5.26987967384072
GDP growth (annual %),NY.GDP.MKTP.KD.ZG,Australia,AUS,2.17154505737176,-0.119590735829973,2.11116814768786,4.24238555336139
GDP growth (annual %),NY.GDP.MKTP.KD.ZG,Brazil,BRA,1.22077782360842,-3.2767587964736,4.76260437908608,3.01669435393015
GDP growth (annual %),NY.GDP.MKTP.KD.ZG,China,CHN,5.95050075367413,2.23863835634639,8.44846941687277,2.95066992959268
GDP growth (annual %),NY.GDP.MKTP.KD.ZG,France,FRA,2.02744647639635,-7.44064593044142,6.88233786590355,2.57084047443969
GDP growth (annual %),NY.GDP.MKTP.KD.ZG,Germany,DEU,0.987893349167578,-4.09513749064689,3.66999986156735,1.36973105536585
GDP growth (annual %),NY.GDP.MKTP.KD.ZG,India,IND,3.87143694070356,-5.77772470686801,9.68959249192875,6.9870393257555
GDP growth (annual %),NY.GDP.MKTP.KD.ZG,Indonesia,IDN,5.01928768046282,-2.06551182934165,3.70288562827751,5.30741934775764
GDP growth (annual %),NY.GDP.MKTP.KD.ZG,Italy,ITA,0.429162534371912,-8.86822121046387,8.9310620660078,4.66176265113695
GDP growth (annual %),NY.GDP.MKTP.KD.ZG,Japan,JPN,-0.402169200910933,-4.14711889947692,2.55932023865617,0.954736937781391
GDP growth (annual %),NY.GDP.MKTP.KD.ZG,"Korea, Rep.",KOR,2.24397786011012,-0.709415359397681,4.30473481906969,2.61267219187226
GDP growth (annual %),NY.GDP.MKTP.KD.ZG,Mexico,MEX,-0.392690521579212,-8.3540345574586,6.04848344290505,3.68911109348025
GDP growth (annual %),NY.GDP.MKTP.KD.ZG,Netherlands,NLD,2.30009159476197,-3.86795339323423,6.27683073230526,5.00723459045037
GDP growth (annual %),NY.GDP.MKTP.KD.ZG,Russian Federation,RUS,2.19807571335009,-2.65365450102773,5.61429037578345,-2.06971152527731
GDP growth (annual %),NY.GDP.MKTP.KD.ZG,Saudi Arabia,SAU,1.09773374954092,-3.58153486307663,5.07511034987979,7.48598429134137
GDP growth (annual %),NY.GDP.MKTP.KD.ZG,Spain,ESP,1.9611785315135,-10.9400706591866,6.6831441850028,6.17931222572963
GDP growth (annual %),NY.GDP.MKTP.KD.ZG,Switzerland,CHE,1.14198232505277,-2.14173720650054,5.39188804141473,2.56832817834069
GDP growth (annual %),NY.GDP.MKTP.KD.ZG,Turkiye,TUR,0.818514526726673,1.85987303976462,11.4393956926566,5.53342787492781
GDP growth (annual %),NY.GDP.MKTP.KD.ZG,United Kingdom,GBR,1.62447515947532,-10.2969188737567,8.5759509048565,4.83908514714403
GDP growth (annual %),NY.GDP.MKTP.KD.ZG,United States,USA,2.58382533018855,-2.16302913866514,6.05505293304576,2.51237531983308
GDP growth (annual %),NY.GDP.MKTP.KD.ZG,Afghanistan,AFG,3.91160341625552,-2.35110067203466,-20.7388393676343,-6.24017199240269
GDP growth (annual %),NY.GDP.MKTP.KD.ZG,Albania,ALB,2.06256753999989,-3.31371614712083,8.96955339178935,4.82668831434437
GDP growth (annual %),NY.GDP.MKTP.KD.ZG,Algeria,DZA,0.899999999999949,-4.99999999999997,3.79999999999995,3.59999999999998
GDP growth (annual %),NY.GDP.MKTP.KD.ZG,American Samoa,ASM,-0.487804878048777,4.41176470588236,-0.782472613458523,1.73501577287065
GDP growth (annual %),NY.GDP.MKTP.KD.ZG,Andorra,AND,2.01554763848308,-11.1839399355384,8.28677879049404,9.56461225648184
GDP growth (annual %),NY.GDP.MKTP.KD.ZG,Angola,AGO,-0.702272957616017,-5.63821471714934,1.19921052145153,3.04472652391918
GDP growth (annual %),NY.GDP.MKTP.KD.ZG,Antigua and Barbuda,ATG,3.10044514982847,-18.8803992026325,8.1917184618173,9.51639564359461
GDP growth (annual %),NY.GDP.MKTP.KD.ZG,Armenia,ARM,7.59999999853918,-7.19999999920631,5.80000000065645,12.5999999997766
GDP growth (annual %),NY.GDP.MKTP.KD.ZG,Aruba,ABW,-2.23244039160568,-26.2118207828803,24.1326273569798,8.51791810517545
GDP growth (annual %),NY.GDP.MKTP.KD.ZG,Austria,AUT,1.7549764558533,-6.31825528670208,4.79532910551458,5.27789421203715
GDP growth (annual %),NY.GDP.MKTP.KD.ZG,Azerbaijan,AZE,2.50000006743734,-4.30000010230737,5.61645102853028,4.71480236521231
GDP growth (annual %),NY.GDP.MKTP.KD.ZG,"Bahamas, The",BHS,-1.35726520928898,-21.4234630658488,15.4031489427848,10.7820132001503
GDP growth (annual %),NY.GDP.MKTP.KD.ZG,Bahrain,BHR,2.05287774418655,-5.9113629524152,4.35004091668986,5.98130282177125
GDP growth (annual %),NY.GDP.MKTP.KD.ZG,Bangladesh,BGD,7.88191515117722,3.44801755122445,6.93867912442445,7.09982877575158
GDP growth (annual %),NY.GDP.MKTP.KD.ZG,Barbados,BRB,0.652585417698418,-15.0543629495892,-0.254965880216531,17.8328630251327
GDP growth (annual %),NY.GDP.MKTP.KD.ZG,Belarus,BLR,1.44645547691826,-0.672742950624155,2.43886212396819,-4.65839591573591
GDP growth (annual %),NY.GDP.MKTP.KD.ZG,Belgium,BEL,2.44289006648609,-4.79298389726264,6.20255401586081,4.2334318336917
GDP growth (annual %),NY.GDP.MKTP.KD.ZG,Belize,BLZ,4.26763689618086,-13.9029100645218,17.7461701205679,9.65297772389758
GDP growth (annual %),NY.GDP.MKTP.KD.ZG,Benin,BEN,6.86568662848335,3.84879240030133,7.1554516457574,6.25324491401346
GDP growth (annual %),NY.GDP.MKTP.KD.ZG,Bermuda,BMU,0.306266735233933,-6.84286964270544,5.41909484048358,6.43113399633694
GDP growth (annual %),NY.GDP.MKTP.KD.ZG,Bhutan,BTN,5.75514850618227,-10.2183974073689,4.42136740220592,5.21386781145085
GDP growth (annual %),NY.GDP.MKTP.KD.ZG,Bolivia,BOL,2.21670577750359,-8.73788443399127,6.11137275205746,3.60568038279472
GDP growth (annual %),NY.GDP.MKTP.KD.ZG,Bosnia and Herzegovina,BIH,2.88734334414875,-3.01509514759861,7.38996234012757,4.22681101095546
GDP growth (annual %),NY.GDP.MKTP.KD.ZG,Botswana,BWA,3.0322025744566,-8.72875252639037,11.9206365085117,5.48602817797183
GDP growth (annual %),NY.GDP.MKTP.KD.ZG,British Virgin Islands,VGB,..,..,..,..
GDP growth (annual %),NY.GDP.MKTP.KD.ZG,Brunei Darussalam,BRN,3.86884416432889,1.13357340605403,-1.59076248075436,-1.62833154022366
GDP growth (annual %),NY.GDP.MKTP.KD.ZG,Bulgaria,BGR,3.78885036478003,-3.21573743445016,7.78061481406978,4.03877758301681
GDP growth (annual %),NY.GDP.MKTP.KD.ZG,Burkina Faso,BFA,5.88920497068135,2.01077262406221,6.94252492572348,1.4972397409897
GDP growth (annual %),NY.GDP.MKTP.KD.ZG,Burundi,BDI,1.81256532401552,0.327156892638385,3.09999999870627,1.84899943948213
GDP growth (annual %),NY.GDP.MKTP.KD.ZG,Cabo Verde,CPV,6.94782634051859,-20.8052758990735,7.03353010694514,15.843675684642
GDP growth (annual %),NY.GDP.MKTP.KD.ZG,Cambodia,KHM,7.93695013588524,-3.55572193406549,3.08984284148661,5.10336888677125
GDP growth (annual %),NY.GDP.MKTP.KD.ZG,Cameroon,CMR,3.47505998194981,0.259932915907115,3.33885747179505,3.7367840056412
GDP growth (annual %),NY.GDP.MKTP.KD.ZG,Canada,CAN,1.9084319253883,-5.03823344128351,5.28695689105889,3.81986633913397
GDP growth (annual %),NY.GDP.MKTP.KD.ZG,Cayman Islands,CYM,3.91563534249416,-4.95480640759244,4.90492941270442,5.15632954248333
GDP growth (annual %),NY.GDP.MKTP.KD.ZG,Central African Republic,CAF,3.09999999999999,0.899999996857062,0.982919996264229,0.502110003427035
GDP growth (annual %),NY.GDP.MKTP.KD.ZG,Chad,TCD,3.24718191743429,-1.60000673705524,-1.16918700397552,2.80434074839411
GDP growth (annual %),NY.GDP.MKTP.KD.ZG,Channel Islands,CHI,1.57335515790562,-8.89677952309607,9.93680136363695,5.34196183115412
GDP growth (annual %),NY.GDP.MKTP.KD.ZG,Chile,CHL,0.634367533828438,-6.14347479224092,11.3339570691911,2.05874008095333
GDP growth (annual %),NY.GDP.MKTP.KD.ZG,Colombia,COL,3.18685539245533,-7.18591413760859,10.8011981904878,7.2888838865514
GDP growth (annual %),NY.GDP.MKTP.KD.ZG,Comoros,COM,1.76078023923176,-0.195556827149787,2.00016198933761,2.60301031927843
GDP growth (annual %),NY.GDP.MKTP.KD.ZG,"Congo, Dem. Rep.",COD,4.38452887429834,1.73542276681493,6.20015401075946,8.92444762563109
GDP growth (annual %),NY.GDP.MKTP.KD.ZG,"Congo, Rep.",COG,1.12447391976529,-6.26777227963225,1.01507036990908,1.47535613247133
GDP growth (annual %),NY.GDP.MKTP.KD.ZG,Costa Rica,CRI,2.41751181762513,-4.27335432161462,7.93576224743147,4.55149177958398
GDP growth (annual %),NY.GDP.MKTP.KD.ZG,Cote d'Ivoire,CIV,6.72137167584978,0.699728593494228,7.06332910205232,6.2178509127107
GDP growth (annual %),NY.GDP.MKTP.KD.ZG,Croatia,HRV,3.10043911443758,-8.31164257884687,12.6317003277712,7.28793643206565
GDP growth (annual %),NY.GDP.MKTP.KD.ZG,Cuba,CUB,-0.163087223606624,-10.9490846048862,1.25369342501311,1.77485399483382
GDP growth (annual %),NY.GDP.MKTP.KD.ZG,Curacao,CUW,-3.20613219619177,-18.4384703505393,4.18371193053579,6.90599999999999
GDP growth (annual %),NY.GDP.MKTP.KD.ZG,Cyprus,CYP,5.87559123003267,-3.22063433575047,11.3877633552,7.36562252428676
GDP growth (annual %),NY.GDP.MKTP.KD.ZG,Czechia,CZE,3.56577657204843,-5.30487954551279,4.02901830633854,2.84717065717149
GDP growth (annual %),NY.GDP.MKTP.KD.ZG,Denmark,DNK,1.7114009439059,-1.7801059882175,7.38206628977555,1.54017310709567
GDP growth (annual %),NY.GDP.MKTP.KD.ZG,Djibouti,DJI,5.5451305999467,1.31636324158441,4.52234774643705,3.72857647005031
GDP growth (annual %),NY.GDP.MKTP.KD.ZG,Dominica,DMA,5.5024834367041,-16.6041095231221,6.8905494167316,5.58354626264079
GDP growth (annual %),NY.GDP.MKTP.KD.ZG,Dominican Republic,DOM,5.05216802016253,-6.72023937283404,12.2719902347896,4.85832403582451
GDP growth (annual %),NY.GDP.MKTP.KD.ZG,Ecuador,ECU,0.165403532646692,-9.24509637743429,9.818417748417,6.18613907258741
GDP growth (annual %),NY.GDP.MKTP.KD.ZG,"Egypt, Arab Rep.",EGY,5.55209307156956,3.55016483786838,3.29064601202211,6.58784560886967
GDP growth (annual %),NY.GDP.MKTP.KD.ZG,El Salvador,SLV,2.43747159065784,-7.893101359867,11.9047617015957,2.79955216943868
GDP growth (annual %),NY.GDP.MKTP.KD.ZG,Equatorial Guinea,GNQ,-5.48182537893445,-4.79108083383294,0.860269956382069,3.22350831658598
GDP growth (annual %),NY.GDP.MKTP.KD.ZG,Eritrea,ERI,..,..,..,..
GDP growth (annual %),NY.GDP.MKTP.KD.ZG,Estonia,EST,3.72665318178397,-2.88381004140328,7.15444748334397,0.0604278323325786
GDP growth (annual %),NY.GDP.MKTP.KD.ZG,Eswatini,SWZ,4.96212142479391,-2.88706296038356,3.39933858133693,-0.0676192583464115
GDP growth (annual %),NY.GDP.MKTP.KD.ZG,Ethiopia,ETH,8.3640856990789,6.05953088643369,5.64153071734657,5.32117628383672
GDP growth (annual %),NY.GDP.MKTP.KD.ZG,Faroe Islands,FRO,4.53851028676189,-1.63732118017028,5.50438017256558,3.55602380418398
GDP growth (annual %),NY.GDP.MKTP.KD.ZG,Fiji,FJI,-0.581946371012094,-17.0386675274098,-4.88103605578388,19.7927266933385
GDP growth (annual %),NY.GDP.MKTP.KD.ZG,Finland,FIN,1.34973843826123,-2.49103620977239,2.73471348589543,1.4500480727209
GDP growth (annual %),NY.GDP.MKTP.KD.ZG,French Polynesia,PYF,2.69993449863051,-7.05099065433484,2.09478896837454,4.46607459000271
GDP growth (annual %),NY.GDP.MKTP.KD.ZG,Gabon,GAB,3.92080879452831,-1.8377610635094,1.46795731508091,3.03761449502689
GDP growth (annual %),NY.GDP.MKTP.KD.ZG,"Gambia, The",GMB,6.22205315994859,0.591487287873974,5.25596878816744,5.49299823010114
GDP growth (annual %),NY.GDP.MKTP.KD.ZG,Georgia,GEO,5.38071926589951,-6.2904717853839,10.6442336580969,10.9585321385624
GDP growth (annual %),NY.GDP.MKTP.KD.ZG,Ghana,GHA,6.5077747939152,0.513941670628171,5.07646643533542,3.81750462109567
GDP growth (annual %),NY.GDP.MKTP.KD.ZG,Gibraltar,GIB,..,..,..,..
GDP growth (annual %),NY.GDP.MKTP.KD.ZG,Greece,GRC,2.27718063644569,-9.19623147082588,8.65449785311438,5.74364918958959
GDP growth (annual %),NY.GDP.MKTP.KD.ZG,Greenland,GRL,2.83217756798683,0.187608793759281,1.29021048770599,..
GDP growth (annual %),NY.GDP.MKTP.KD.ZG,Grenada,GRD,0.676511738873756,-13.7566222572107,4.68747816934534,7.32074061551874
GDP growth (annual %),NY.GDP.MKTP.KD.ZG,Guam,GUM,2.52360203340596,-10.5188595714539,2.0581832574708,5.09986426216793
GDP growth (annual %),NY.GDP.MKTP.KD.ZG,Guatemala,GTM,4.0178979343828,-1.78555194467604,8.03326771516488,4.20015588892568
GDP growth (annual %),NY.GDP.MKTP.KD.ZG,Guinea,GIN,5.61691446889876,4.70459096113575,5.5823328114905,3.97240784200721
GDP growth (annual %),NY.GDP.MKTP.KD.ZG,Guinea-Bissau,GNB,5.55045564999175,1.49527443726818,6.18267668294831,4.60583180729681
GDP growth (annual %),NY.GDP.MKTP.KD.ZG,Guyana,GUY,5.35284003535665,43.479651716849,20.0600280629427,63.3345871591983
GDP growth (annual %),NY.GDP.MKTP.KD.ZG,Haiti,HTI,-1.72309699839232,-3.30550546965893,-1.79823988931486,-1.68198396897978
GDP growth (annual %),NY.GDP.MKTP.KD.ZG,Honduras,HND,2.55963434592314,-8.96508223267296,12.5652843771279,4.14356194013767
GDP growth (annual %),NY.GDP.MKTP.KD.ZG,"Hong Kong SAR, China",HKG,-1.67239123872136,-6.54476757335387,6.45440824066419,-3.68357113148396
GDP growth (annual %),NY.GDP.MKTP.KD.ZG,Hungary,HUN,4.86422573511891,-4.48704604765308,7.06122060972912,4.58340767295068
GDP growth (annual %),NY.GDP.MKTP.KD.ZG,Iceland,ISL,1.86117794293874,-6.94045309489034,5.25420975317854,8.9925076126915
GDP growth (annual %),NY.GDP.MKTP.KD.ZG,"Iran, Islamic Rep.",IRN,-3.0705879849703,3.33028845926594,4.71977773157164,3.77663140152906
GDP growth (annual %),NY.GDP.MKTP.KD.ZG,Iraq,IRQ,5.51379057540518,-12.0367930931001,1.5021807095434,7.63981140218355
GDP growth (annual %),NY.GDP.MKTP.KD.ZG,Ireland,IRL,5.040550288018,7.15789883057209,16.2556132446002,8.61950355191492
GDP growth (annual %),NY.GDP.MKTP.KD.ZG,Isle of Man,IMN,0.254878786117672,-8.8368174000649,3.83783666558899,..
GDP growth (annual %),NY.GDP.MKTP.KD.ZG,Israel,ISR,3.78514145224655,-1.46460564253812,9.34390774596847,6.47037150232485
GDP growth (annual %),NY.GDP.MKTP.KD.ZG,Jamaica,JAM,0.892291653822227,-9.92032244889079,4.6014245042592,5.22151984737387
GDP growth (annual %),NY.GDP.MKTP.KD.ZG,Jordan,JOR,1.75124077866225,-1.10275188309046,3.65564191030398,2.64743616429071
GDP growth (annual %),NY.GDP.MKTP.KD.ZG,Kazakhstan,KAZ,4.50000000091883,-2.49999999628,4.29999999729456,3.19999999970734
GDP growth (annual %),NY.GDP.MKTP.KD.ZG,Kenya,KEN,5.11415885767801,-0.272766327438816,7.59048947333467,4.85998104287999
GDP growth (annual %),NY.GDP.MKTP.KD.ZG,Kiribati,KIR,3.26425930432951,-0.562016449352072,8.52266121721455,3.90535280738948
GDP growth (annual %),NY.GDP.MKTP.KD.ZG,"Korea, Dem. People's Rep.",PRK,..,..,..,..
GDP growth (annual %),NY.GDP.MKTP.KD.ZG,Kosovo,XKX,4.75680057007834,-5.34027547826166,10.7456560819583,4.27849895827543
GDP growth (annual %),NY.GDP.MKTP.KD.ZG,Kuwait,KWT,2.26381690553512,-4.81742860622226,2.26080609815888,5.85920887270251
GDP growth (annual %),NY.GDP.MKTP.KD.ZG,Kyrgyz Republic,KGZ,4.60062565707598,-7.14897757727955,5.50700762671923,8.96750520041391
GDP growth (annual %),NY.GDP.MKTP.KD.ZG,Lao PDR,LAO,5.4577350924848,0.503031829018681,2.52835100486102,2.70742652643155
GDP growth (annual %),NY.GDP.MKTP.KD.ZG,Latvia,LVA,0.675375256812075,-3.46922915339618,6.94723316214511,1.8126824022841
GDP growth (annual %),NY.GDP.MKTP.KD.ZG,Lebanon,LBN,-6.91492472851026,-21.3998996914321,-7.00123862514116,-0.621678970663112
GDP growth (annual %),NY.GDP.MKTP.KD.ZG,Lesotho,LSO,-1.41799383085205,-8.15595879914267,2.26671067006538,2.38778020186284
GDP growth (annual %),NY.GDP.MKTP.KD.ZG,Liberia,LBR,-2.46729763532686,-2.98249127649473,4.98671283481617,4.80810517290655
GDP growth (annual %),NY.GDP.MKTP.KD.ZG,Libya,LBY,-11.1960828853386,-29.4552967282824,28.3334624622298,-8.25163004105288
GDP growth (annual %),NY.GDP.MKTP.KD.ZG,Liechtenstein,LIE,..,..,..,..
GDP growth (annual %),NY.GDP.MKTP.KD.ZG,Lithuania,LTU,4.67735155796807,0.0428140173486753,6.38001676204321,2.53752500887173
GDP growth (annual %),NY.GDP.MKTP.KD.ZG,Luxembourg,LUX,2.9158479150005,-0.909829798886719,7.16840198697749,1.38018589083207
GDP growth (annual %),NY.GDP.MKTP.KD.ZG,"Macao SAR, China",MAC,-2.56346757368024,-54.3361546022371,23.535988887849,-19.6093363742205
GDP growth (annual %),NY.GDP.MKTP.KD.ZG,Madagascar,MDG,4.41123212909589,-7.13767162064489,5.73961573854336,3.99999999869678
GDP growth (annual %),NY.GDP.MKTP.KD.ZG,Malawi,MWI,5.71682519194337,0.793596429787286,4.55829212016083,0.921115069005936
GDP growth (annual %),NY.GDP.MKTP.KD.ZG,Malaysia,MYS,4.41318742129586,-5.45684658426701,3.31534954399166,8.86182187578046
GDP growth (annual %),NY.GDP.MKTP.KD.ZG,Maldives,MDV,7.29833574515027,-32.9088287752921,37.507870124321,13.8260895184139
GDP growth (annual %),NY.GDP.MKTP.KD.ZG,Mali,MLI,4.75616080770808,-1.235450447077,3.05261356942125,3.47495171106735
GDP growth (annual %),NY.GDP.MKTP.KD.ZG,Malta,MLT,4.08470602847339,-3.47468750932252,13.4603051960595,4.14788281601133
GDP growth (annual %),NY.GDP.MKTP.KD.ZG,Marshall Islands,MHL,10.4521147301896,-2.77288732394366,1.22227252150293,-1.11806797853311
GDP growth (annual %),NY.GDP.MKTP.KD.ZG,Mauritania,MRT,3.14100489306969,-0.360657384151068,0.742715395138262,6.79600510182286
GDP growth (annual %),NY.GDP.MKTP.KD.ZG,Mauritius,MUS,2.89128499346516,-14.5465381490166,3.40379866177662,8.87988519700977
GDP growth (annual %),NY.GDP.MKTP.KD.ZG,"Micronesia, Fed. Sts.",FSM,4.08163265306123,-1.9607843137255,2.8,-0.778210116731515
GDP growth (annual %),NY.GDP.MKTP.KD.ZG,Moldova,MDA,3.5523140853476,-8.27597831976949,13.9299997889786,-5.01548231924089
GDP growth (annual %),NY.GDP.MKTP.KD.ZG,Monaco,MCO,7.12088951975396,-13.2391048292108,22.2322155851208,11.0469394271752
GDP growth (annual %),NY.GDP.MKTP.KD.ZG,Mongolia,MNG,5.60224422064255,-4.55775197583431,1.63676957736662,5.0327096366527
GDP growth (annual %),NY.GDP.MKTP.KD.ZG,Montenegro,MNE,4.06294499167197,-15.3068937570407,13.0434642521552,6.40668032879275
GDP growth (annual %),NY.GDP.MKTP.KD.ZG,Morocco,MAR,2.89097476137077,-7.17820744246774,8.15473889823681,1.52720357976111
GDP growth (annual %),NY.GDP.MKTP.KD.ZG,Mozambique,MOZ,2.31781394821475,-1.21952250011192,2.37743572761507,4.36445074535436
GDP growth (annual %),NY.GDP.MKTP.KD.ZG,Myanmar,MMR,6.57911006765414,-9.04834717984643,-12.0163724829117,4.03749343593624
GDP growth (annual %),NY.GDP.MKTP.KD.ZG,Namibia,NAM,-0.839152163419357,-8.10140201443319,3.60382919248703,5.34966408559102
GDP growth (annual %),NY.GDP.MKTP.KD.ZG,Nauru,NRU,8.48673659193109,1.98181949377276,7.20659466591439,3.02263627499464
GDP growth (annual %),NY.GDP.MKTP.KD.ZG,Nepal,NPL,6.65705543110467,-2.3696206292072,4.838149614115,5.63131455871746
GDP growth (annual %),NY.GDP.MKTP.KD.ZG,New Caledonia,NCL,-1.40000000198451,-2.40000000064407,-2.09999999762849,3.49999999631376
GDP growth (annual %),NY.GDP.MKTP.KD.ZG,New Zealand,NZL,2.36196217785604,-0.424906457573115,4.54624763852878,2.7748426484212
GDP growth (annual %),NY.GDP.MKTP.KD.ZG,Nicaragua,NIC,-2.89702791954369,-1.75595289214087,10.3160912841791,3.75228475736668
GDP growth (annual %),NY.GDP.MKTP.KD.ZG,Niger,NER,5.93985257123522,3.55064109436891,1.38359636198477,11.9000000000277
GDP growth (annual %),NY.GDP.MKTP.KD.ZG,Nigeria,NGA,2.20842927714881,-1.79425308274458,3.64718654072446,3.25168140827093
GDP growth (annual %),NY.GDP.MKTP.KD.ZG,North Macedonia,MKD,3.91041953840173,-4.68845000956652,4.51067949038222,2.75888415332967
GDP growth (annual %),NY.GDP.MKTP.KD.ZG,Northern Mariana Islands,MNP,-11.4474929044465,-29.0598290598291,4.96987951807229,16.6427546628408
GDP growth (annual %),NY.GDP.MKTP.KD.ZG,Norway,NOR,1.12377787436797,-1.2781717845226,3.90868677689417,3.00563516076298
GDP growth (annual %),NY.GDP.MKTP.KD.ZG,Oman,OMN,-1.12863801728058,-3.37972052697999,2.5821749892893,9.5771061309605
GDP growth (annual %),NY.GDP.MKTP.KD.ZG,Pakistan,PAK,2.49763692943365,-1.27408744338709,6.51388575852702,4.7781068690358
GDP growth (annual %),NY.GDP.MKTP.KD.ZG,Palau,PLW,0.199999999999847,-5.99942585620028,-13.7938879740177,-1.31844903330447
GDP growth (annual %),NY.GDP.MKTP.KD.ZG,Panama,PAN,3.10306788630359,-17.8212299695008,16.4671249191559,10.769665870619
GDP growth (annual %),NY.GDP.MKTP.KD.ZG,Papua New Guinea,PNG,4.4805145710407,-3.16743204087665,-0.511353444150672,5.70758411822096
GDP growth (annual %),NY.GDP.MKTP.KD.ZG,Paraguay,PRY,-0.40185510068001,-0.819785390971916,4.01673731780312,0.176038366132886
GDP growth (annual %),NY.GDP.MKTP.KD.ZG,Peru,PER,2.24063176875049,-10.9333065010382,13.3552295093079,2.72550021563363
GDP growth (annual %),NY.GDP.MKTP.KD.ZG,Philippines,PHL,6.11852566118505,-9.5182947406494,5.71473313426225,7.58098212785563
GDP growth (annual %),NY.GDP.MKTP.KD.ZG,Poland,POL,4.58045817256199,-2.03556882399977,6.92718266052501,5.25545697386036
GDP growth (annual %),NY.GDP.MKTP.KD.ZG,Portugal,PRT,2.74568471619554,-8.20463206255478,5.55875752305435,6.98584193827881
GDP growth (annual %),NY.GDP.MKTP.KD.ZG,Puerto Rico,PRI,1.67546379498209,-4.1808743093346,0.385222719529239,3.56811024720668
GDP growth (annual %),NY.GDP.MKTP.KD.ZG,Qatar,QAT,0.688240959581748,-3.55760399909477,1.62684672468288,4.18500971344966
GDP growth (annual %),NY.GDP.MKTP.KD.ZG,Romania,ROU,3.92326384963494,-3.67438440910189,5.5457096259051,3.96530766311717
GDP growth (annual %),NY.GDP.MKTP.KD.ZG,Rwanda,RWA,9.44738518613097,-3.37368746369782,10.8579677614975,8.15773308481241
GDP growth (annual %),NY.GDP.MKTP.KD.ZG,Samoa,WSM,4.45185891688691,-3.10844401053139,-7.07883094291508,-5.30629089966979
GDP growth (annual %),NY.GDP.MKTP.KD.ZG,San Marino,SMR,2.06568514732739,-6.64791081780605,13.8977895076234,7.89844145767604
GDP growth (annual %),NY.GDP.MKTP.KD.ZG,Sao Tome and Principe,STP,2.01431672129407,2.62485949543812,1.89929891337832,0.168698492216564
GDP growth (annual %),NY.GDP.MKTP.KD.ZG,Senegal,SEN,4.61362809749708,1.3420737726679,6.54400109964304,3.82586363675534
GDP growth (annual %),NY.GDP.MKTP.KD.ZG,Serbia,SRB,4.75020793899014,-0.950023991851594,7.94905650472278,2.63098644408841
GDP growth (annual %),NY.GDP.MKTP.KD.ZG,Seychelles,SYC,5.5142920737342,-11.7398608281732,0.552281631207279,14.9768513322959
GDP growth (annual %),NY.GDP.MKTP.KD.ZG,Sierra Leone,SLE,5.50270937378153,-1.2533490322766,5.8968527047094,5.3135546141915
GDP growth (annual %),NY.GDP.MKTP.KD.ZG,Singapore,SGP,1.34505874082728,-3.86979893430043,9.69076687082064,3.83807678519807
GDP growth (annual %),NY.GDP.MKTP.KD.ZG,Sint Maarten (Dutch part),SXM,10.9650009352392,-13.3167887221567,4.57759677933345,9.80000111145777
GDP growth (annual %),NY.GDP.MKTP.KD.ZG,Slovak Republic,SVK,2.27589918160336,-2.5855125291319,5.72698854011892,0.449673875081572
GDP growth (annual %),NY.GDP.MKTP.KD.ZG,Slovenia,SVN,3.50525166840163,-4.08499815297814,8.38965032094461,2.69923755687375
GDP growth (annual %),NY.GDP.MKTP.KD.ZG,Solomon Islands,SLB,1.74856655451832,-3.3811475409836,2.56434975416948,2.40248143622522
GDP growth (annual %),NY.GDP.MKTP.KD.ZG,Somalia,SOM,2.82431336541845,-2.75248103927831,3.45822792939802,2.72711429582988
GDP growth (annual %),NY.GDP.MKTP.KD.ZG,South Africa,ZAF,0.25993557687633,-6.1689177146757,4.95503259440756,1.91147996033504
GDP growth (annual %),NY.GDP.MKTP.KD.ZG,South Sudan,SSD,..,..,..,..
GDP growth (annual %),NY.GDP.MKTP.KD.ZG,Sri Lanka,LKA,-0.220483886072614,-4.62451503662909,4.2074764951157,-7.34679123599076
GDP growth (annual %),NY.GDP.MKTP.KD.ZG,St. Kitts and Nevis,KNA,2.83126737870639,-15.3544517590966,0.479678356753311,10.5228492759939
GDP growth (annual %),NY.GDP.MKTP.KD.ZG,St. Lucia,LCA,-0.700859001545481,-24.3611553496453,11.5994736212466,20.3867675749845
GDP growth (annual %),NY.GDP.MKTP.KD.ZG,St. Martin (French part),MAF,6.50000363700821,-12.500002246731,4.89999967133534,..
GDP growth (annual %),NY.GDP.MKTP.KD.ZG,St. Vincent and the Grenadines,VCT,0.661727443679865,-3.73914599187015,0.75379707990075,7.1598328657349
GDP growth (annual %),NY.GDP.MKTP.KD.ZG,Sudan,SDN,-2.17825104530091,-3.62980082410752,-1.8685204827207,-0.957816591119183
GDP growth (annual %),NY.GDP.MKTP.KD.ZG,Suriname,SUR,1.16758977233877,-15.9751917148622,-2.43538583612838,2.40622235601218
GDP growth (annual %),NY.GDP.MKTP.KD.ZG,Sweden,SWE,2.54964785253048,-2.00533750353763,5.9375085730744,1.45928850757269
GDP growth (annual %),NY.GDP.MKTP.KD.ZG,Syrian Arab Republic,SYR,1.22070522070523,-0.697154504235129,1.85421590064124,0.732781301861365
GDP growth (annual %),NY.GDP.MKTP.KD.ZG,Tajikistan,TJK,7.40000016310556,4.40000111553493,9.39999955037523,8.00000033846364
GDP growth (annual %),NY.GDP.MKTP.KD.ZG,Tanzania,TZA,5.79999999996723,1.99196460647855,4.32138429480482,4.56600576430955
GDP growth (annual %),NY.GDP.MKTP.KD.ZG,Thailand,THA,2.11455779628278,-6.05003846851622,1.56818176501186,2.46276934050356
GDP growth (annual %),NY.GDP.MKTP.KD.ZG,Timor-Leste,TLS,24.2128840085001,31.7257416721413,5.363126627216,-20.584244040573
GDP growth (annual %),NY.GDP.MKTP.KD.ZG,Togo,TGO,4.92292591685973,1.99215501870344,5.99087610392314,5.75954251521733
GDP growth (annual %),NY.GDP.MKTP.KD.ZG,Tonga,TON,-0.208437487640992,1.78339492959161,0.362601971842835,-2.30986002720401
GDP growth (annual %),NY.GDP.MKTP.KD.ZG,Trinidad and Tobago,TTO,0.3612724057636,-9.07787689348437,-1.03742621022469,1.48223484044745
GDP growth (annual %),NY.GDP.MKTP.KD.ZG,Tunisia,TUN,1.58784665466504,-9.01193412390238,4.7363207484732,2.67331821840567
GDP growth (annual %),NY.GDP.MKTP.KD.ZG,Turkmenistan,TKM,6.30000004226711,5.900000048526,6.20000001747076,6.19999993621698
GDP growth (annual %),NY.GDP.MKTP.KD.ZG,Turks and Caicos Islands,TCA,5.31092524837173,-26.782932872099,9.02549747146406,6.19999948551566
GDP growth (annual %),NY.GDP.MKTP.KD.ZG,Tuvalu,TUV,13.8220984406966,-4.27493206901397,1.8041359113616,0.677309361438304
GDP growth (annual %),NY.GDP.MKTP.KD.ZG,Uganda,UGA,6.43874503276439,2.95130642218098,3.53658034070898,4.58802192181773
GDP growth (annual %),NY.GDP.MKTP.KD.ZG,Ukraine,UKR,3.19950386231294,-3.7528179386597,3.44562065700251,-28.7585842132117
GDP growth (annual %),NY.GDP.MKTP.KD.ZG,United Arab Emirates,ARE,1.10834813893099,-4.95705243652739,4.35475529921305,7.50969703221836
GDP growth (annual %),NY.GDP.MKTP.KD.ZG,Uruguay,URY,0.928351033363754,-7.38014184479323,5.56189279343275,4.70725761465232
GDP growth (annual %),NY.GDP.MKTP.KD.ZG,Uzbekistan,UZB,6.77992399653822,1.56334277259953,8.0346831263811,6.00134232206508
GDP growth (annual %),NY.GDP.MKTP.KD.ZG,Vanuatu,VUT,3.24118765540442,-4.99249142889525,-1.55229489129462,1.9160570121628
GDP growth (annual %),NY.GDP.MKTP.KD.ZG,"Venezuela, RB",VEN,..,..,..,..
GDP growth (annual %),NY.GDP.MKTP.KD.ZG,Viet Nam,VNM,7.35926270105006,2.86541320912272,2.55372852648131,8.12351446767343
GDP growth (annual %),NY.GDP.MKTP.KD.ZG,Virgin Islands (U.S.),VIR,2.90833549727343,-1.61493817814787,3.66760707873814,-1.31123206333498
GDP growth (annual %),NY.GDP.MKTP.KD.ZG,West Bank and Gaza,PSE,1.36268746558062,-11.3184661065134,7.01198227592003,4.08276027347105
GDP growth (annual %),NY.GDP.MKTP.KD.ZG,"Yemen, Rep.",YEM,..,..,..,..
GDP growth (annual %),NY.GDP.MKTP.KD.ZG,Zambia,ZMB,1.44130602603785,-2.78505506545167,6.23492204726448,5.21122360356247
GDP growth (annual %),NY.GDP.MKTP.KD.ZG,Zimbabwe,ZWE,-6.33244640703352,-7.81695064681365,8.46801689759531,6.13926326513234
GDP growth (annual %),NY.GDP.MKTP.KD.ZG,Africa Eastern and Southern,AFE,2.19431852727669,-2.86429251059897,4.57639280212381,3.5538783639465
GDP growth (annual %),NY.GDP.MKTP.KD.ZG,Africa Western and Central,AFW,3.232902511937,-1.00399403959297,4.03762951350967,3.78967984579947
GDP growth (annual %),NY.GDP.MKTP.KD.ZG,Arab World,ARB,1.58371466354251,-4.71178424288769,4.03110635309368,5.72143310855439
GDP growth (annual %),NY.GDP.MKTP.KD.ZG,Caribbean small states,CSS,1.05508790172509,-9.60231620640842,10.4429558184008,23.06760379909
GDP growth (annual %),NY.GDP.MKTP.KD.ZG,Central Europe and the Baltics,CEB,4.0059928219052,-3.32906850842643,6.53215013007073,4.06723825067938
GDP growth (annual %),NY.GDP.MKTP.KD.ZG,Early-demographic dividend,EAR,2.3574434077089,-4.17609545858684,7.40884629376737,5.52073569774927
GDP growth (annual %),NY.GDP.MKTP.KD.ZG,East Asia & Pacific,EAS,3.96191480738861,-0.13403867993101,6.22039997523022,2.86876226114843
GDP growth (annual %),NY.GDP.MKTP.KD.ZG,East Asia & Pacific (excluding high income),EAP,5.78428146542474,1.24367793672859,7.60232029175252,3.38620985440659
GDP growth (annual %),NY.GDP.MKTP.KD.ZG,East Asia & Pacific (IDA & IBRD countries),TEA,5.78420207599952,1.24356740541252,7.60200454123525,3.38615269954697
GDP growth (annual %),NY.GDP.MKTP.KD.ZG,Euro area,EMU,1.62839465246267,-6.04867335432057,6.36115556471701,3.5460434690594
GDP growth (annual %),NY.GDP.MKTP.KD.ZG,Europe & Central Asia,ECS,1.85591000081533,-5.41036796360697,6.74423282474035,3.24542492239996
GDP growth (annual %),NY.GDP.MKTP.KD.ZG,Europe & Central Asia (excluding high income),ECA,2.30711978142881,0.291994242241628,9.04484834763406,3.10365161126778
GDP growth (annual %),NY.GDP.MKTP.KD.ZG,Europe & Central Asia (IDA & IBRD countries),TEC,2.69832336359124,-1.46293331370264,7.39199851749453,1.7303779573498
GDP growth (annual %),NY.GDP.MKTP.KD.ZG,European Union,EUU,1.87572158216223,-5.5769210845598,6.35777133410902,3.49770328667265
GDP growth (annual %),NY.GDP.MKTP.KD.ZG,Fragile and conflict affected situations,FCS,2.29365950094255,-5.0605234152318,2.47690857607017,1.09873916341439
GDP growth (annual %),NY.GDP.MKTP.KD.ZG,Heavily indebted poor countries (HIPC),HPC,4.42440940301884,0.23286652027808,4.26605097390511,4.81099834377959
GDP growth (annual %),NY.GDP.MKTP.KD.ZG,High income,HIC,1.90609758327555,-3.86785580953425,5.7784942309149,2.89892584056888
GDP growth (annual %),NY.GDP.MKTP.KD.ZG,IBRD only,IBD,3.96812059209557,-1.32652203893156,7.54077062404079,3.56148584112441
GDP growth (annual %),NY.GDP.MKTP.KD.ZG,IDA & IBRD total,IBT,3.96939749227165,-1.29151078845665,7.30645449381386,3.61708089606813
GDP growth (annual %),NY.GDP.MKTP.KD.ZG,IDA blend,IDB,2.84157652478699,-1.52352018281985,5.17233111350185,4.25620673677336
GDP growth (annual %),NY.GDP.MKTP.KD.ZG,IDA only,IDX,5.02166120544096,-0.278917782067623,3.83598052300617,4.36210132476684
GDP growth (annual %),NY.GDP.MKTP.KD.ZG,IDA total,IDA,3.98498285598943,-0.864245918392427,4.46027770944868,4.31229378886123
GDP growth (annual %),NY.GDP.MKTP.KD.ZG,Late-demographic dividend,LTE,4.65564157826294,0.212543195836901,7.48001074828512,3.14193460612731
GDP growth (annual %),NY.GDP.MKTP.KD.ZG,Latin America & Caribbean,LCN,0.683718079431173,-6.59418211666363,7.04894757678922,3.96351551245873
GDP growth (annual %),NY.GDP.MKTP.KD.ZG,Latin America & Caribbean (excluding high income),LAC,0.627524013391039,-6.46995503500867,6.86315270291729,3.84923888879409
GDP growth (annual %),NY.GDP.MKTP.KD.ZG,Latin America & the Caribbean (IDA & IBRD countries),TLA,0.681040123297166,-6.50820119505285,7.25639388996417,3.98805098564577
GDP growth (annual %),NY.GDP.MKTP.KD.ZG,Least developed countries: UN classification,LDC,5.07595523322277,-0.112639131113383,2.83007974061209,4.64043771145433
GDP growth (annual %),NY.GDP.MKTP.KD.ZG,Low & middle income,LMY,4.07328100134572,-1.11971699943622,7.33770098713171,3.81529699220692
GDP growth (annual %),NY.GDP.MKTP.KD.ZG,Low income,LIC,4.29969420144019,0.320842852246315,2.17478340495141,3.669985449748
GDP growth (annual %),NY.GDP.MKTP.KD.ZG,Lower middle income,LMC,4.08021485252759,-3.59905640498262,6.66098044124838,5.83527094749616
GDP growth (annual %),NY.GDP.MKTP.KD.ZG,Middle East & North Africa,MEA,1.26151164569379,-3.41768958806571,4.80255097495157,5.63441268961842
GDP growth (annual %),NY.GDP.MKTP.KD.ZG,Middle East & North Africa (excluding high income),MNA,0.905110665668957,-3.22041769145842,4.33306389069034,4.10601453287201
GDP growth (annual %),NY.GDP.MKTP.KD.ZG,Middle East & North Africa (IDA & IBRD countries),TMN,0.900649819619844,-3.1411095521172,4.30904291844524,4.10622844926141
GDP growth (annual %),NY.GDP.MKTP.KD.ZG,Middle income,MIC,4.06987141077198,-1.1414585148986,7.41677443421602,3.81741392568371
GDP growth (annual %),NY.GDP.MKTP.KD.ZG,North America,NAC,2.53036559250459,-2.38761318437987,5.99687628753878,2.61158592059087
GDP growth (annual %),NY.GDP.MKTP.KD.ZG,Not classified,INX,..,..,..,..
GDP growth (annual %),NY.GDP.MKTP.KD.ZG,OECD members,OED,1.85823075074944,-3.89788253957686,5.92118433083404,3.03275924022807
GDP growth (annual %),NY.GDP.MKTP.KD.ZG,Other small states,OSS,3.84422309346814,-5.86382000874268,7.09373306348044,4.886846815691
GDP growth (annual %),NY.GDP.MKTP.KD.ZG,Pacific island small states,PSS,1.15206564768988,-10.1440385236486,-2.6975312724781,9.14580791363177
GDP growth (annual %),NY.GDP.MKTP.KD.ZG,Post-demographic dividend,PST,1.8364017562017,-4.07874682417692,5.64037131238413,2.71061301520696
GDP growth (annual %),NY.GDP.MKTP.KD.ZG,Pre-demographic dividend,PRE,3.31228969727977,-2.55913195405539,3.19605415216562,4.1481629348104
GDP growth (annual %),NY.GDP.MKTP.KD.ZG,Small states,SST,3.25788150038622,-6.66300886960755,7.2026232150623,8.00640924430738
GDP growth (annual %),NY.GDP.MKTP.KD.ZG,South Asia,SAS,3.92432562415496,-4.58270181946476,8.76361420829579,6.31320371820945
GDP growth (annual %),NY.GDP.MKTP.KD.ZG,South Asia (IDA & IBRD),TSA,3.92432562415496,-4.58270181946476,8.76361420829579,6.31320371820945
GDP growth (annual %),NY.GDP.MKTP.KD.ZG,Sub-Saharan Africa,SSF,2.66854097205147,-2.0102020704477,4.32649868175427,3.66294712725723
GDP growth (annual %),NY.GDP.MKTP.KD.ZG,Sub-Saharan Africa (excluding high income),SSA,2.6656579087162,-2.00007133500614,4.33003791419443,3.65272179860958
GDP growth (annual %),NY.GDP.MKTP.KD.ZG,Sub-Saharan Africa (IDA & IBRD countries),TSS,2.66854097205152,-2.01020207044768,4.3264986817543,3.66294712725717
GDP growth (annual %),NY.GDP.MKTP.KD.ZG,Upper middle income,UMC,4.06717162257297,-0.499909450913876,7.60792707180717,3.31155600371014
GDP growth (annual %),NY.GDP.MKTP.KD.ZG,World,WLD,2.6759662924996,-2.87832319647207,6.35008957640488,3.23802126201733
,,,,,,,
,,,,,,,
,,,,,,,
Data from database: World Development Indicators,,,,,,,
Last Updated: 06/05/2025,,,,,,,
